Referencia,FechaAlta,Tipo,Operación,Ciudad,Superficie,Precio Venta,Fecha Venta,Vendedor,Estatus,Días para Vender
6,2/7/16,Industrial,Alquiler,Cancún,103," $728,931 ",2/5/17,Jesús,Vendida,364
10,2/13/16,Terreno,Alquiler,Tijuana,89," $887,241 ",1/2/17,Luisa,Vendida,324
21,3/8/16,Terreno,Alquiler,Ciudad de México,73," $597,286 ",2/20/17,Joaquín,Vendida,349
32,3/29/16,Industrial,Alquiler,Monterrey,46," $351,256 ",3/28/17,Luisa,Vendida,364
35,4/3/16,Local,Alquiler,Tijuana,143," $665,951 ",2/18/17,Pedro,Vendida,321
37,4/5/16,Casa,Alquiler,Tijuana,170," $995,520 ",2/1/17,Jesús,Vendida,302
41,4/9/16,Departamento,Alquiler,Ciudad de México,175," $747,075 ",2/1/17,Pedro,Vendida,298
43,4/10/16,Local,Alquiler,Tijuana,49," $424,536 ",3/4/17,Pedro,Vendida,328
49,4/15/16,Industrial,Alquiler,Monterrey,150," $968,250 ",2/15/17,María,Vendida,306
51,4/15/16,Departamento,Alquiler,Ciudad de México,120," $722,880 ",2/14/17,Joaquín,Vendida,305
56,4/19/16,Industrial,Alquiler,Cancún,143," $712,712 ",1/10/17,Jesús,Vendida,266
58,4/19/16,Casa,Alquiler,Ciudad de México,177," $924,294 ",1/19/17,Luisa,Vendida,275
66,4/23/16,Terreno,Alquiler,Cancún,85," $683,230 ",2/6/17,Carmen,Vendida,289
73,4/30/16,Local,Alquiler,Tijuana,91," $391,391 ",2/13/17,Luisa,Vendida,289
79,5/6/16,Local,Alquiler,Monterrey,138," $877,680 ",3/31/17,Luisa,Vendida,329
83,5/8/16,Oficina,Alquiler,Tijuana,41," $361,661 ",1/28/17,Carmen,Vendida,265
86,5/13/16,Departamento,Alquiler,Monterrey,75," $418,725 ",4/24/17,Pedro,Vendida,346
88,5/14/16,Estacionamiento,Alquiler,Ciudad de México,154," $830,830 ",2/3/17,Luisa,Vendida,265
92,5/18/16,Terreno,Alquiler,Monterrey,68," $378,624 ",3/30/17,Carmen,Vendida,316
94,5/18/16,Industrial,Alquiler,Ciudad de México,76," $501,220 ",3/24/17,Jesús,Vendida,310
96,5/21/16,Terreno,Alquiler,Tijuana,131," $822,811 ",5/21/17,Pedro,Vendida,365
98,5/24/16,Oficina,Alquiler,Tijuana,105," $525,210 ",4/16/17,Pedro,Vendida,327
102,5/28/16,Estacionamiento,Alquiler,Monterrey,137," $835,152 ",2/13/17,Jesús,Vendida,261
103,5/29/16,Oficina,Alquiler,Cancún,196," $882,784 ",2/2/17,Luisa,Vendida,249
107,5/31/16,Local,Alquiler,Tijuana,203," $946,792 ",4/17/17,María,Vendida,321
115,6/3/16,Casa,Alquiler,Ciudad de México,72," $702,576 ",3/22/17,Carmen,Vendida,292
118,6/4/16,Industrial,Alquiler,Tijuana,74," $729,788 ",1/22/17,Pedro,Vendida,232
126,6/10/16,Departamento,Alquiler,Ciudad de México,52," $338,364 ",1/4/17,Carmen,Vendida,208
133,6/17/16,Casa,Alquiler,Cancún,57," $419,178 ",3/18/17,Jesús,Vendida,274
140,6/20/16,Terreno,Alquiler,Ciudad de México,104," $511,680 ",6/5/17,Luisa,Vendida,350
141,6/22/16,Oficina,Alquiler,Tijuana,77," $322,322 ",3/12/17,Joaquín,Vendida,263
142,6/22/16,Oficina,Alquiler,Ciudad de México,204," $924,732 ",4/28/17,María,Vendida,310
144,6/24/16,Casa,Alquiler,Monterrey,143," $836,836 ",6/15/17,Luisa,Vendida,356
150,6/25/16,Estacionamiento,Alquiler,Ciudad de México,105," $872,760 ",3/26/17,Carmen,Vendida,274
152,6/26/16,Oficina,Alquiler,Ciudad de México,88," $851,488 ",5/25/17,Carmen,Vendida,333
153,6/28/16,Terreno,Alquiler,Ciudad de México,189," $913,248 ",5/13/17,Luisa,Vendida,319
164,7/2/16,Departamento,Alquiler,Monterrey,62," $358,670 ",6/4/17,Luisa,Vendida,337
181,7/8/16,Oficina,Alquiler,Tijuana,119," $720,902 ",6/23/17,Carmen,Vendida,350
183,7/9/16,Departamento,Alquiler,Tijuana,123," $682,773 ",1/30/17,Luisa,Vendida,205
184,7/9/16,Terreno,Alquiler,Ciudad de México,42," $279,342 ",1/24/17,María,Vendida,199
193,7/12/16,Industrial,Alquiler,Tijuana,112," $712,768 ",6/14/17,Carmen,Vendida,337
194,7/12/16,Local,Alquiler,Ciudad de México,182," $999,726 ",2/20/17,Carmen,Vendida,223
200,7/16/16,Estacionamiento,Alquiler,Tijuana,111," $761,793 ",7/11/17,María,Vendida,360
201,7/16/16,Estacionamiento,Alquiler,Cancún,87," $565,587 ",1/25/17,Joaquín,Vendida,193
202,7/16/16,Casa,Alquiler,Monterrey,62," $251,596 ",6/20/17,Jesús,Vendida,339
213,7/25/16,Estacionamiento,Alquiler,Ciudad de México,53," $280,741 ",7/1/17,Jesús,Vendida,341
214,7/25/16,Departamento,Alquiler,Monterrey,161," $960,526 ",6/21/17,Joaquín,Vendida,331
216,7/25/16,Casa,Alquiler,Ciudad de México,112," $513,968 ",4/30/17,Jesús,Vendida,279
220,7/26/16,Local,Alquiler,Cancún,167," $700,398 ",3/7/17,Luisa,Vendida,224
221,7/27/16,Terreno,Alquiler,Ciudad de México,79," $659,808 ",1/23/17,Pedro,Vendida,180
223,7/28/16,Local,Alquiler,Ciudad de México,58," $251,430 ",5/30/17,Carmen,Vendida,306
232,8/1/16,Oficina,Alquiler,Ciudad de México,77," $613,921 ",3/23/17,María,Vendida,234
234,8/2/16,Local,Alquiler,Cancún,56," $469,168 ",3/8/17,Pedro,Vendida,218
237,8/3/16,Terreno,Alquiler,Monterrey,46," $435,712 ",3/31/17,Luisa,Vendida,240
238,8/3/16,Estacionamiento,Alquiler,Monterrey,145," $999,630 ",5/1/17,Pedro,Vendida,271
245,8/8/16,Local,Alquiler,Ciudad de México,76," $738,568 ",3/22/17,Joaquín,Vendida,226
247,8/8/16,Casa,Alquiler,Monterrey,147," $919,632 ",6/23/17,Luisa,Vendida,319
250,8/10/16,Local,Alquiler,Ciudad de México,149," $704,323 ",8/3/17,Luisa,Vendida,358
252,8/10/16,Estacionamiento,Alquiler,Ciudad de México,45," $360,765 ",3/5/17,María,Vendida,207
257,8/11/16,Casa,Alquiler,Monterrey,92," $879,244 ",5/6/17,Joaquín,Vendida,268
262,8/13/16,Oficina,Alquiler,Ciudad de México,78," $391,560 ",1/20/17,Pedro,Vendida,160
263,8/13/16,Terreno,Alquiler,Tijuana,93," $705,963 ",3/30/17,Pedro,Vendida,229
264,8/14/16,Terreno,Alquiler,Tijuana,58," $406,290 ",7/4/17,Carmen,Vendida,324
271,8/16/16,Estacionamiento,Alquiler,Ciudad de México,86," $494,758 ",3/4/17,María,Vendida,200
278,8/18/16,Local,Alquiler,Monterrey,197," $981,651 ",1/17/17,Jesús,Vendida,152
280,8/18/16,Estacionamiento,Alquiler,Tijuana,95," $938,030 ",6/3/17,María,Vendida,289
292,8/21/16,Departamento,Alquiler,Ciudad de México,46," $386,354 ",5/4/17,Pedro,Vendida,256
300,8/23/16,Casa,Alquiler,Tijuana,72," $500,400 ",1/22/17,María,Vendida,152
303,8/24/16,Local,Alquiler,Tijuana,47," $463,843 ",2/19/17,Joaquín,Vendida,179
315,8/29/16,Oficina,Alquiler,Tijuana,62," $329,716 ",5/10/17,Pedro,Vendida,254
316,8/30/16,Industrial,Alquiler,Cancún,54," $227,178 ",1/24/17,Joaquín,Vendida,147
325,8/31/16,Terreno,Alquiler,Cancún,57," $330,771 ",1/5/17,María,Vendida,127
328,9/2/16,Estacionamiento,Alquiler,Cancún,81," $723,492 ",7/10/17,Joaquín,Vendida,311
329,9/2/16,Casa,Alquiler,Monterrey,118," $827,062 ",3/22/17,Joaquín,Vendida,201
331,9/3/16,Departamento,Alquiler,Ciudad de México,88," $392,832 ",1/28/17,María,Vendida,147
335,9/5/16,Estacionamiento,Alquiler,Monterrey,187," $789,140 ",5/16/17,Carmen,Vendida,253
336,9/5/16,Terreno,Alquiler,Monterrey,73," $542,974 ",6/14/17,Luisa,Vendida,282
350,9/10/16,Oficina,Alquiler,Ciudad de México,43," $329,681 ",1/19/17,Jesús,Vendida,131
352,9/10/16,Local,Alquiler,Cancún,47," $457,498 ",2/23/17,Jesús,Vendida,166
353,9/11/16,Terreno,Alquiler,Monterrey,161," $736,092 ",2/26/17,María,Vendida,168
357,9/12/16,Industrial,Alquiler,Monterrey,86," $611,546 ",2/10/17,Carmen,Vendida,151
358,9/12/16,Casa,Alquiler,Monterrey,54," $518,508 ",2/16/17,María,Vendida,157
360,9/13/16,Oficina,Alquiler,Tijuana,180," $901,980 ",2/7/17,Carmen,Vendida,147
368,9/18/16,Oficina,Alquiler,Tijuana,89," $588,023 ",6/26/17,Joaquín,Vendida,281
370,9/19/16,Terreno,Alquiler,Ciudad de México,85," $780,980 ",7/20/17,Joaquín,Vendida,304
378,9/22/16,Oficina,Alquiler,Cancún,136," $761,056 ",4/11/17,Jesús,Vendida,201
387,9/26/16,Industrial,Alquiler,Cancún,50," $308,850 ",8/10/17,Pedro,Vendida,318
390,9/26/16,Departamento,Alquiler,Cancún,117," $823,680 ",1/19/17,María,Vendida,115
398,9/29/16,Departamento,Alquiler,Tijuana,95," $510,150 ",5/7/17,Jesús,Vendida,220
408,10/5/16,Terreno,Alquiler,Cancún,68," $611,796 ",6/18/17,Luisa,Vendida,256
415,10/6/16,Estacionamiento,Alquiler,Cancún,83," $778,706 ",9/11/17,María,Vendida,340
426,10/10/16,Casa,Alquiler,Cancún,74," $338,476 ",5/19/17,Jesús,Vendida,221
427,10/10/16,Casa,Alquiler,Ciudad de México,110," $950,290 ",6/8/17,Carmen,Vendida,241
431,10/12/16,Local,Alquiler,Cancún,67," $653,250 ",2/19/17,María,Vendida,130
439,10/15/16,Oficina,Alquiler,Monterrey,119," $630,224 ",4/9/17,Joaquín,Vendida,176
448,10/18/16,Terreno,Alquiler,Tijuana,158," $878,638 ",5/5/17,Joaquín,Vendida,199
449,10/18/16,Terreno,Alquiler,Cancún,49," $244,608 ",4/21/17,Pedro,Vendida,185
455,10/21/16,Departamento,Alquiler,Monterrey,60," $484,560 ",8/24/17,Jesús,Vendida,307
463,10/24/16,Casa,Alquiler,Cancún,87," $574,200 ",5/19/17,Carmen,Vendida,207
469,10/27/16,Departamento,Alquiler,Monterrey,62," $583,110 ",2/19/17,Joaquín,Vendida,115
475,10/30/16,Local,Alquiler,Cancún,121," $593,021 ",2/28/17,Luisa,Vendida,121
478,10/31/16,Departamento,Alquiler,Monterrey,121," $731,929 ",6/27/17,Pedro,Vendida,239
492,11/3/16,Departamento,Alquiler,Monterrey,96," $891,456 ",7/28/17,Pedro,Vendida,267
493,11/4/16,Local,Alquiler,Tijuana,152," $631,560 ",10/28/17,Joaquín,Vendida,358
496,11/6/16,Estacionamiento,Alquiler,Monterrey,110," $523,160 ",9/11/17,Joaquín,Vendida,309
502,11/8/16,Casa,Alquiler,Cancún,88," $726,352 ",6/13/17,Joaquín,Vendida,217
508,11/9/16,Oficina,Alquiler,Ciudad de México,128," $549,120 ",3/16/17,Carmen,Vendida,127
512,11/11/16,Casa,Alquiler,Ciudad de México,113," $645,569 ",6/10/17,Carmen,Vendida,211
516,11/11/16,Casa,Alquiler,Ciudad de México,151," $719,213 ",2/23/17,Jesús,Vendida,104
519,11/13/16,Oficina,Alquiler,Ciudad de México,95," $412,395 ",7/31/17,María,Vendida,260
525,11/14/16,Estacionamiento,Alquiler,Ciudad de México,92," $610,696 ",5/4/17,Jesús,Vendida,171
528,11/15/16,Terreno,Alquiler,Ciudad de México,64," $581,568 ",2/15/17,Carmen,Vendida,92
536,11/18/16,Local,Alquiler,Monterrey,116," $479,892 ",11/11/17,Joaquín,Vendida,358
537,11/18/16,Industrial,Alquiler,Cancún,68," $500,140 ",10/27/17,Pedro,Vendida,343
538,11/18/16,Oficina,Alquiler,Tijuana,59," $491,706 ",7/3/17,Jesús,Vendida,227
558,11/25/16,Terreno,Alquiler,Tijuana,151," $709,700 ",3/16/17,Carmen,Vendida,111
560,11/27/16,Local,Alquiler,Cancún,73," $410,260 ",10/29/17,Carmen,Vendida,336
564,11/29/16,Estacionamiento,Alquiler,Cancún,150," $795,000 ",10/17/17,Luisa,Vendida,322
567,12/1/16,Estacionamiento,Alquiler,Monterrey,116," $573,040 ",11/1/17,María,Vendida,335
575,12/3/16,Departamento,Alquiler,Monterrey,66," $558,030 ",12/1/17,Carmen,Vendida,363
588,12/9/16,Casa,Alquiler,Cancún,84," $368,760 ",7/30/17,Luisa,Vendida,233
592,12/10/16,Estacionamiento,Alquiler,Monterrey,96," $535,584 ",10/22/17,Carmen,Vendida,316
599,12/12/16,Local,Alquiler,Ciudad de México,96," $769,824 ",10/3/17,Jesús,Vendida,295
604,12/15/16,Casa,Alquiler,Ciudad de México,126," $600,642 ",8/20/17,Jesús,Vendida,248
605,12/15/16,Estacionamiento,Alquiler,Ciudad de México,131," $920,144 ",12/10/17,Jesús,Vendida,360
610,12/18/16,Casa,Alquiler,Tijuana,97," $672,792 ",5/23/17,Joaquín,Vendida,156
627,12/23/16,Estacionamiento,Alquiler,Monterrey,88," $690,184 ",5/29/17,Carmen,Vendida,157
628,12/23/16,Industrial,Alquiler,Monterrey,66," $448,932 ",9/1/17,Pedro,Vendida,252
638,12/27/16,Oficina,Alquiler,Cancún,86," $822,504 ",8/17/17,Jesús,Vendida,233
642,12/27/16,Departamento,Alquiler,Tijuana,96," $862,848 ",12/23/17,María,Vendida,361
652,1/2/17,Terreno,Alquiler,Monterrey,86," $452,962 ",10/24/17,Joaquín,Vendida,295
658,1/4/17,Casa,Alquiler,Monterrey,79," $352,972 ",11/6/17,Joaquín,Vendida,306
665,1/6/17,Industrial,Alquiler,Monterrey,153," $923,355 ",7/7/17,Luisa,Vendida,182
669,1/8/17,Departamento,Alquiler,Monterrey,59," $325,326 ",4/9/17,Carmen,Vendida,91
678,1/11/17,Oficina,Alquiler,Tijuana,157," $949,693 ",11/27/17,Jesús,Vendida,320
687,1/15/17,Terreno,Alquiler,Monterrey,45," $300,105 ",6/2/17,Carmen,Vendida,138
695,1/19/17,Departamento,Alquiler,Monterrey,80," $607,200 ",11/20/17,Carmen,Vendida,305
703,1/22/17,Departamento,Alquiler,Monterrey,132," $592,152 ",4/23/17,Carmen,Vendida,91
719,1/26/17,Industrial,Alquiler,Cancún,144," $760,176 ",10/20/17,Pedro,Vendida,267
730,2/2/17,Industrial,Alquiler,Monterrey,82," $621,314 ",9/7/17,Luisa,Vendida,217
732,2/2/17,Terreno,Alquiler,Ciudad de México,73," $468,952 ",6/11/17,Joaquín,Vendida,129
736,2/3/17,Estacionamiento,Alquiler,Cancún,97," $541,648 ",6/11/17,Carmen,Vendida,128
738,2/5/17,Terreno,Alquiler,Cancún,105," $650,580 ",5/26/17,Carmen,Vendida,110
742,2/6/17,Estacionamiento,Alquiler,Tijuana,87," $372,447 ",7/17/17,Jesús,Vendida,161
746,2/8/17,Departamento,Alquiler,Ciudad de México,179," $963,020 ",11/6/17,Pedro,Vendida,271
758,2/14/17,Departamento,Alquiler,Cancún,75," $359,775 ",5/29/17,María,Vendida,104
760,2/14/17,Oficina,Alquiler,Monterrey,119," $899,640 ",12/12/17,Pedro,Vendida,301
761,2/15/17,Casa,Alquiler,Tijuana,58," $444,338 ",6/4/17,Carmen,Vendida,109
763,2/15/17,Departamento,Alquiler,Tijuana,92," $900,956 ",6/14/17,Pedro,Vendida,119
766,2/16/17,Casa,Alquiler,Cancún,58," $349,102 ",10/22/17,Carmen,Vendida,248
776,2/17/17,Departamento,Alquiler,Cancún,106," $850,226 ",9/2/17,Joaquín,Vendida,197
779,2/18/16,Oficina,Alquiler,Tijuana,233,984192 ,1/28/18,Jesús,Vendida,710
780,2/18/17,Oficina,Alquiler,Ciudad de México,61," $481,656 ",9/18/17,Carmen,Vendida,212
781,2/18/17,Departamento,Alquiler,Ciudad de México,105," $909,090 ",10/25/17,Jesús,Vendida,249
794,2/22/17,Industrial,Alquiler,Cancún,81," $523,989 ",10/13/17,Joaquín,Vendida,233
801,2/24/17,Local,Alquiler,Cancún,165," $744,480 ",8/6/17,Jesús,Vendida,163
806,2/26/17,Local,Alquiler,Monterrey,62," $484,592 ",10/9/17,María,Vendida,225
808,2/27/17,Terreno,Alquiler,Ciudad de México,77," $711,634 ",11/10/17,Jesús,Vendida,256
811,2/28/17,Oficina,Alquiler,Tijuana,70," $354,270 ",11/18/17,Jesús,Vendida,263
812,2/28/16,Casa,Alquiler,Tijuana,45,425790 ,1/16/18,María,Vendida,688
814,3/1/17,Estacionamiento,Alquiler,Monterrey,45," $360,540 ",9/2/17,María,Vendida,185
815,3/1/17,Oficina,Alquiler,Ciudad de México,94," $639,952 ",9/26/17,Luisa,Vendida,209
817,3/3/16,Casa,Alquiler,Monterrey,151,756208 ,2/13/18,Luisa,Vendida,712
818,3/3/17,Industrial,Alquiler,Monterrey,50," $442,300 ",6/30/17,María,Vendida,119
819,3/3/17,Estacionamiento,Alquiler,Monterrey,93," $375,813 ",7/12/17,Pedro,Vendida,131
825,3/4/17,Casa,Alquiler,Cancún,191," $969,707 ",12/5/17,Pedro,Vendida,276
826,3/4/17,Departamento,Alquiler,Monterrey,92," $743,360 ",8/11/17,Pedro,Vendida,160
830,3/6/17,Oficina,Alquiler,Tijuana,42," $235,746 ",7/25/17,Joaquín,Vendida,141
840,3/8/17,Departamento,Alquiler,Monterrey,91," $395,850 ",12/10/17,Carmen,Vendida,277
845,3/10/17,Casa,Alquiler,Monterrey,145," $655,690 ",6/8/17,María,Vendida,90
846,3/10/17,Departamento,Alquiler,Ciudad de México,42," $293,370 ",8/20/17,Pedro,Vendida,163
859,3/14/17,Departamento,Alquiler,Cancún,188," $996,588 ",6/20/17,Carmen,Vendida,98
860,3/14/16,Terreno,Alquiler,Cancún,79,451643 ,1/15/18,María,Vendida,672
863,3/16/16,Local,Alquiler,Tijuana,138,949578 ,2/17/18,María,Vendida,703
868,3/19/16,Casa,Alquiler,Ciudad de México,55,376090 ,2/27/18,Joaquín,Vendida,710
872,3/19/17,Local,Alquiler,Cancún,88," $630,608 ",12/17/17,Joaquín,Vendida,273
873,3/20/17,Departamento,Alquiler,Monterrey,100," $484,200 ",9/30/17,Pedro,Vendida,194
874,3/20/17,Industrial,Alquiler,Monterrey,52," $269,516 ",8/21/17,Carmen,Vendida,154
879,3/22/16,Departamento,Alquiler,Cancún,182,851032 ,1/2/18,Carmen,Vendida,651
880,3/22/17,Estacionamiento,Alquiler,Tijuana,99," $500,148 ",8/9/17,Joaquín,Vendida,140
882,3/23/17,Local,Alquiler,Tijuana,150," $730,350 ",6/28/17,Carmen,Vendida,97
884,3/23/16,Industrial,Alquiler,Tijuana,71,459725 ,1/26/18,Joaquín,Vendida,674
893,3/26/17,Industrial,Alquiler,Tijuana,68," $525,096 ",8/27/17,Joaquín,Vendida,154
896,3/28/17,Terreno,Alquiler,Tijuana,67," $627,321 ",7/12/17,Joaquín,Vendida,106
901,3/30/16,Casa,Alquiler,Tijuana,88,531784 ,1/11/18,Joaquín,Vendida,652
914,4/4/17,Local,Alquiler,Monterrey,179," $812,660 ",10/31/17,Jesús,Vendida,210
915,4/5/17,Terreno,Alquiler,Cancún,75," $400,875 ",8/26/17,Joaquín,Vendida,143
916,4/5/17,Departamento,Alquiler,Monterrey,72," $682,344 ",8/26/17,Pedro,Vendida,143
926,4/7/17,Oficina,Alquiler,Monterrey,214," $899,228 ",12/24/17,Luisa,Vendida,261
940,4/15/17,Estacionamiento,Alquiler,Ciudad de México,99," $574,200 ",9/16/17,Pedro,Vendida,154
944,4/16/17,Departamento,Alquiler,Ciudad de México,165," $921,195 ",10/5/17,Luisa,Vendida,172
951,4/18/16,Departamento,Alquiler,Monterrey,164,841484 ,4/7/18,María,Vendida,719
954,4/19/16,Departamento,Alquiler,Ciudad de México,84,431760 ,4/9/18,Carmen,Vendida,720
956,4/19/17,Departamento,Alquiler,Tijuana,73," $563,122 ",10/25/17,Carmen,Vendida,189
957,4/19/17,Industrial,Alquiler,Tijuana,152," $651,472 ",9/13/17,Carmen,Vendida,147
965,4/21/16,Terreno,Alquiler,Ciudad de México,79,705628 ,2/25/18,Luisa,Vendida,675
968,4/23/17,Local,Alquiler,Monterrey,69," $493,971 ",9/5/17,María,Vendida,135
970,4/24/16,Oficina,Alquiler,Cancún,77,716793 ,2/25/18,Pedro,Vendida,672
976,4/25/16,Terreno,Alquiler,Ciudad de México,51,370158 ,4/21/18,Jesús,Vendida,726
977,4/25/17,Local,Alquiler,Tijuana,50," $333,650 ",12/16/17,Carmen,Vendida,235
981,4/26/16,Terreno,Alquiler,Monterrey,98,425712 ,3/23/18,Pedro,Vendida,696
986,4/28/16,Departamento,Alquiler,Cancún,158,886222 ,4/24/18,Luisa,Vendida,726
998,5/2/16,Terreno,Alquiler,Monterrey,81,567486 ,1/26/18,María,Vendida,634
1000,5/2/16,Estacionamiento,Alquiler,Ciudad de México,128,976384 ,4/19/18,Joaquín,Vendida,717
1002,5/3/16,Casa,Alquiler,Tijuana,77,406252 ,2/25/18,María,Vendida,663
1012,5/6/16,Terreno,Alquiler,Ciudad de México,94,902212 ,4/30/18,Jesús,Vendida,724
1015,5/7/16,Oficina,Alquiler,Ciudad de México,101,634583 ,4/21/18,María,Vendida,714
1018,5/8/17,Oficina,Alquiler,Ciudad de México,141," $843,180 ",12/25/17,Carmen,Vendida,231
1022,5/9/16,Industrial,Alquiler,Monterrey,160,804640 ,4/3/18,Carmen,Vendida,694
1029,5/10/16,Oficina,Alquiler,Tijuana,107,899014 ,4/9/18,María,Vendida,699
1042,5/18/17,Departamento,Alquiler,Cancún,119," $999,481 ",9/8/17,María,Vendida,113
1046,5/21/17,Terreno,Alquiler,Tijuana,179," $896,969 ",9/14/17,Carmen,Vendida,116
1047,5/21/16,Casa,Alquiler,Tijuana,97,834394 ,5/20/18,Jesús,Vendida,729
1049,5/21/17,Departamento,Alquiler,Cancún,87," $520,521 ",9/15/17,Carmen,Vendida,117
1057,5/24/17,Casa,Alquiler,Cancún,86," $467,410 ",9/15/17,Jesús,Vendida,114
1066,5/27/17,Casa,Alquiler,Monterrey,80," $548,000 ",11/30/17,Joaquín,Vendida,187
1074,5/29/16,Casa,Alquiler,Cancún,73,672257 ,2/15/18,Luisa,Vendida,627
1075,5/29/16,Departamento,Alquiler,Ciudad de México,204,958392 ,1/21/18,Joaquín,Vendida,602
1076,5/29/16,Departamento,Alquiler,Tijuana,137,585812 ,1/26/18,Luisa,Vendida,607
1078,5/31/17,Oficina,Alquiler,Tijuana,96," $567,072 ",10/30/17,Jesús,Vendida,152
1080,6/1/16,Departamento,Alquiler,Monterrey,85,706690 ,1/3/18,Joaquín,Vendida,581
1081,6/1/17,Terreno,Alquiler,Tijuana,69," $499,698 ",8/31/17,Pedro,Vendida,91
1096,6/8/16,Departamento,Alquiler,Cancún,61,525454 ,4/10/18,Luisa,Vendida,671
1100,6/9/16,Terreno,Alquiler,Ciudad de México,54,419256 ,3/8/18,Pedro,Vendida,637
1102,6/9/17,Casa,Alquiler,Cancún,67," $485,013 ",11/27/17,Joaquín,Vendida,171
1106,6/11/16,Casa,Alquiler,Cancún,53,216187 ,4/18/18,Jesús,Vendida,676
1108,6/12/16,Estacionamiento,Alquiler,Monterrey,73,364270 ,2/2/18,María,Vendida,600
1113,6/13/16,Terreno,Alquiler,Tijuana,157,868367 ,6/3/18,Jesús,Vendida,720
1119,6/15/16,Terreno,Alquiler,Tijuana,106,704476 ,2/7/18,Joaquín,Vendida,602
1129,6/18/17,Casa,Alquiler,Monterrey,55," $256,630 ",10/23/17,María,Vendida,127
1134,6/21/16,Industrial,Alquiler,Ciudad de México,157,977011 ,3/3/18,Carmen,Vendida,620
1145,6/24/16,Terreno,Alquiler,Monterrey,110,781000 ,2/25/18,María,Vendida,611
1152,6/29/17,Casa,Alquiler,Tijuana,53," $399,143 ",11/8/17,Jesús,Vendida,132
1155,6/29/17,Departamento,Alquiler,Cancún,134," $880,380 ",12/11/17,María,Vendida,165
1161,6/30/16,Departamento,Alquiler,Cancún,69,480240 ,6/7/18,Jesús,Vendida,707
1164,7/1/16,Local,Alquiler,Monterrey,71,540452 ,1/24/18,Jesús,Vendida,572
1179,7/8/16,Casa,Alquiler,Tijuana,45,330885 ,4/16/18,Jesús,Vendida,647
1180,7/8/17,Oficina,Alquiler,Cancún,59," $519,259 ",10/30/17,María,Vendida,114
1181,7/9/17,Departamento,Alquiler,Tijuana,176," $804,144 ",11/24/17,María,Vendida,138
1182,7/9/16,Terreno,Alquiler,Monterrey,167,944385 ,2/15/18,Carmen,Vendida,586
1184,7/11/17,Departamento,Alquiler,Tijuana,130," $859,040 ",11/6/17,Joaquín,Vendida,118
1186,7/12/17,Terreno,Alquiler,Tijuana,132," $708,840 ",11/3/17,Luisa,Vendida,114
1189,7/13/17,Terreno,Alquiler,Cancún,163," $830,648 ",10/30/17,Joaquín,Vendida,109
1190,7/13/16,Departamento,Alquiler,Monterrey,138,824688 ,5/16/18,Joaquín,Vendida,672
1197,7/16/16,Departamento,Alquiler,Ciudad de México,140,706440 ,6/2/18,Pedro,Vendida,686
1201,7/17/16,Estacionamiento,Alquiler,Tijuana,67,347931 ,4/28/18,Pedro,Vendida,650
1224,7/24/17,Casa,Alquiler,Cancún,77," $562,947 ",10/25/17,Luisa,Vendida,93
1231,7/27/16,Oficina,Alquiler,Ciudad de México,114,764370 ,2/24/18,Carmen,Vendida,577
1233,7/28/16,Local,Alquiler,Cancún,115,756355 ,2/16/18,Pedro,Vendida,568
1234,7/28/16,Departamento,Alquiler,Tijuana,165,687720 ,2/20/18,Carmen,Vendida,572
1238,7/31/17,Estacionamiento,Alquiler,Ciudad de México,106," $437,674 ",12/8/17,Luisa,Vendida,130
1240,8/1/17,Local,Alquiler,Ciudad de México,95," $563,255 ",11/8/17,Jesús,Vendida,99
1242,8/2/16,Terreno,Alquiler,Cancún,71,692037 ,6/2/18,Joaquín,Vendida,669
1244,8/3/16,Industrial,Alquiler,Monterrey,84,690396 ,2/8/18,Carmen,Vendida,554
1245,8/3/16,Terreno,Alquiler,Cancún,152,960032 ,4/11/18,Luisa,Vendida,616
1247,8/3/16,Oficina,Alquiler,Ciudad de México,126,757260 ,7/23/18,Pedro,Vendida,719
1248,8/3/16,Departamento,Alquiler,Ciudad de México,86,685592 ,4/29/18,Pedro,Vendida,634
1249,8/4/17,Local,Alquiler,Cancún,135," $990,360 ",12/3/17,Joaquín,Vendida,121
1251,8/4/16,Estacionamiento,Alquiler,Monterrey,56,375592 ,2/20/18,Jesús,Vendida,565
1254,8/4/16,Industrial,Alquiler,Tijuana,47,286747 ,6/10/18,Joaquín,Vendida,675
1255,8/4/16,Oficina,Alquiler,Cancún,59,281548 ,7/22/18,Jesús,Vendida,717
1256,8/5/16,Oficina,Alquiler,Ciudad de México,73,328646 ,2/1/18,Carmen,Vendida,545
1260,8/6/16,Estacionamiento,Alquiler,Ciudad de México,99,942579 ,3/3/18,María,Vendida,574
1261,8/6/16,Terreno,Alquiler,Cancún,69,349623 ,5/6/18,Joaquín,Vendida,638
1263,8/7/16,Oficina,Alquiler,Cancún,48,404352 ,2/25/18,Joaquín,Vendida,567
1272,8/9/16,Oficina,Alquiler,Ciudad de México,93,552513 ,1/29/18,Pedro,Vendida,538
1276,8/10/16,Casa,Alquiler,Monterrey,133,958132 ,6/4/18,Pedro,Vendida,663
1281,8/14/17,Casa,Alquiler,Cancún,57," $293,037 ",11/27/17,Carmen,Vendida,105
1283,8/15/16,Casa,Alquiler,Monterrey,63,601398 ,3/1/18,Carmen,Vendida,563
1284,8/15/16,Departamento,Alquiler,Ciudad de México,159,761928 ,2/5/18,Carmen,Vendida,539
1285,8/15/17,Oficina,Alquiler,Ciudad de México,137," $804,327 ",12/17/17,Joaquín,Vendida,124
1286,8/15/16,Local,Alquiler,Tijuana,82,375232 ,5/22/18,Jesús,Vendida,645
1287,8/15/16,Oficina,Alquiler,Ciudad de México,79,411669 ,8/4/18,Pedro,Vendida,719
1288,8/16/16,Casa,Alquiler,Tijuana,89,358670 ,2/19/18,Luisa,Vendida,552
1294,8/18/16,Estacionamiento,Alquiler,Tijuana,224,986048 ,2/10/18,María,Vendida,541
1297,8/19/16,Oficina,Alquiler,Ciudad de México,69,442635 ,6/15/18,María,Vendida,665
1299,8/22/17,Oficina,Alquiler,Ciudad de México,103," $872,204 ",11/26/17,María,Vendida,96
1311,8/27/16,Departamento,Alquiler,Ciudad de México,70,615440 ,4/1/18,Jesús,Vendida,582
1318,8/29/16,Estacionamiento,Alquiler,Monterrey,82,700854 ,4/22/18,María,Vendida,601
1320,8/29/16,Departamento,Alquiler,Monterrey,108,581580 ,8/4/18,Carmen,Vendida,705
1333,9/4/16,Industrial,Alquiler,Ciudad de México,198,840312 ,5/27/18,Pedro,Vendida,630
1338,9/7/16,Departamento,Alquiler,Cancún,99,938916 ,9/4/18,Pedro,Vendida,727
1340,9/7/16,Estacionamiento,Alquiler,Tijuana,173,842683 ,1/30/18,Joaquín,Vendida,510
1343,9/8/16,Estacionamiento,Alquiler,Ciudad de México,115,907580 ,7/11/18,Carmen,Vendida,671
1346,9/9/16,Industrial,Alquiler,Cancún,100,526800 ,4/29/18,Joaquín,Vendida,597
1348,9/9/16,Estacionamiento,Alquiler,Cancún,153,824517 ,5/31/18,María,Vendida,629
1352,9/10/16,Oficina,Alquiler,Ciudad de México,173,994750 ,9/2/18,Joaquín,Vendida,722
1356,9/11/16,Local,Alquiler,Tijuana,145,943805 ,5/17/18,Luisa,Vendida,613
1365,9/13/16,Oficina,Alquiler,Tijuana,223,974956 ,7/23/18,Luisa,Vendida,678
1369,9/14/16,Casa,Alquiler,Cancún,153,948600 ,3/30/18,Jesús,Vendida,562
1370,9/16/16,Local,Alquiler,Monterrey,91,838292 ,4/16/18,Pedro,Vendida,577
1379,9/21/16,Departamento,Alquiler,Tijuana,111,656676 ,2/5/18,Joaquín,Vendida,502
1380,9/21/16,Departamento,Alquiler,Cancún,123,873546 ,2/2/18,Joaquín,Vendida,499
1387,9/24/16,Oficina,Alquiler,Ciudad de México,85,613275 ,2/12/18,Pedro,Vendida,506
1388,9/24/16,Terreno,Alquiler,Cancún,204,878424 ,7/23/18,Carmen,Vendida,667
1389,9/24/16,Estacionamiento,Alquiler,Ciudad de México,47,403401 ,1/24/18,María,Vendida,487
1391,9/25/16,Local,Alquiler,Tijuana,98,683844 ,1/21/18,Joaquín,Vendida,483
1394,9/27/16,Local,Alquiler,Monterrey,78,678132 ,4/23/18,María,Vendida,573
1395,9/27/16,Departamento,Alquiler,Tijuana,187,911064 ,2/24/18,María,Vendida,515
1396,9/29/16,Industrial,Alquiler,Tijuana,121,490897 ,9/27/18,María,Vendida,728
1399,9/30/16,Terreno,Alquiler,Tijuana,79,409378 ,8/15/18,Luisa,Vendida,684
1403,10/1/16,Industrial,Alquiler,Ciudad de México,148,644688 ,5/22/18,Jesús,Vendida,598
1410,10/2/16,Terreno,Alquiler,Tijuana,68,613496 ,1/18/18,Jesús,Vendida,473
1415,10/3/16,Estacionamiento,Alquiler,Monterrey,85,809115 ,5/25/18,María,Vendida,599
1420,10/4/16,Oficina,Alquiler,Monterrey,85,749275 ,1/5/18,María,Vendida,458
1425,10/5/16,Local,Alquiler,Monterrey,118,970314 ,2/15/18,Luisa,Vendida,498
1428,10/6/16,Terreno,Alquiler,Ciudad de México,132,882420 ,10/6/18,Carmen,Vendida,730
1445,10/12/16,Local,Alquiler,Tijuana,56,346192 ,4/18/18,María,Vendida,553
1446,10/12/16,Local,Alquiler,Monterrey,72,686232 ,9/12/18,Luisa,Vendida,700
1460,10/17/16,Industrial,Alquiler,Ciudad de México,159,724563 ,8/27/18,Jesús,Vendida,679
1464,10/18/16,Departamento,Alquiler,Ciudad de México,71,388583 ,1/18/18,Jesús,Vendida,457
1467,10/20/16,Estacionamiento,Alquiler,Tijuana,133,745864 ,6/1/18,María,Vendida,589
1468,10/20/16,Estacionamiento,Alquiler,Ciudad de México,46,237176 ,8/8/18,María,Vendida,657
1472,10/22/16,Local,Alquiler,Cancún,49,452417 ,6/19/18,Luisa,Vendida,605
1474,10/22/16,Industrial,Alquiler,Cancún,98,955500 ,7/10/18,Luisa,Vendida,626
1475,10/23/16,Estacionamiento,Alquiler,Cancún,107,658157 ,3/16/18,Pedro,Vendida,509
1476,10/25/16,Terreno,Alquiler,Cancún,158,938836 ,9/5/18,Jesús,Vendida,680
1481,10/28/16,Estacionamiento,Alquiler,Tijuana,218,991900 ,5/28/18,Jesús,Vendida,577
1489,10/30/16,Estacionamiento,Alquiler,Ciudad de México,103,536733 ,10/28/18,María,Vendida,728
1495,11/2/16,Oficina,Alquiler,Monterrey,67,304113 ,6/29/18,Joaquín,Vendida,604
1511,11/8/16,Oficina,Alquiler,Monterrey,153,912798 ,5/31/18,Jesús,Vendida,569
1520,11/13/16,Departamento,Alquiler,Ciudad de México,74,341584 ,4/16/18,Luisa,Vendida,519
1522,11/13/16,Local,Alquiler,Tijuana,89,499735 ,8/19/18,María,Vendida,644
1524,11/13/16,Oficina,Alquiler,Tijuana,70,526680 ,2/17/18,Joaquín,Vendida,461
1528,11/15/16,Oficina,Alquiler,Tijuana,62,421290 ,5/21/18,Joaquín,Vendida,552
1530,11/16/16,Industrial,Alquiler,Tijuana,114,878940 ,10/18/18,Luisa,Vendida,701
1532,11/17/16,Departamento,Alquiler,Cancún,161,917378 ,5/4/18,Carmen,Vendida,533
1533,11/17/16,Casa,Alquiler,Ciudad de México,65,431275 ,8/16/18,Luisa,Vendida,637
1536,11/19/16,Local,Alquiler,Ciudad de México,87,756900 ,5/26/18,Carmen,Vendida,553
1537,11/20/16,Local,Alquiler,Cancún,90,416430 ,11/1/18,Jesús,Vendida,711
1540,11/21/16,Estacionamiento,Alquiler,Cancún,119,508606 ,8/17/18,Carmen,Vendida,634
1545,11/22/16,Local,Alquiler,Ciudad de México,161,914641 ,4/11/18,Joaquín,Vendida,505
1550,11/23/16,Oficina,Alquiler,Cancún,44,363968 ,9/2/18,Carmen,Vendida,648
1557,11/25/16,Terreno,Alquiler,Monterrey,103,557127 ,5/8/18,Carmen,Vendida,529
1558,11/26/16,Estacionamiento,Alquiler,Monterrey,46,187680 ,11/13/18,Luisa,Vendida,717
1560,11/26/16,Departamento,Alquiler,Monterrey,96,854496 ,3/28/18,Pedro,Vendida,487
1566,11/28/16,Industrial,Alquiler,Cancún,80,405280 ,3/29/18,Carmen,Vendida,486
1570,11/29/16,Industrial,Alquiler,Monterrey,137,693631 ,7/21/18,Carmen,Vendida,599
1573,11/30/16,Oficina,Alquiler,Monterrey,113,747947 ,6/9/18,Pedro,Vendida,556
1582,12/5/16,Industrial,Alquiler,Monterrey,162,753786 ,9/26/18,Jesús,Vendida,660
1594,12/12/16,Oficina,Alquiler,Cancún,117,536679 ,7/19/18,Joaquín,Vendida,584
1596,12/13/16,Estacionamiento,Alquiler,Ciudad de México,57,293949 ,11/6/18,Pedro,Vendida,693
1602,12/16/16,Oficina,Alquiler,Monterrey,135,857925 ,6/25/18,Joaquín,Vendida,556
1603,12/17/16,Casa,Alquiler,Cancún,154,814968 ,11/26/18,María,Vendida,709
1605,12/17/16,Estacionamiento,Alquiler,Monterrey,57,387828 ,3/25/18,Luisa,Vendida,463
1606,12/17/16,Terreno,Alquiler,Tijuana,147,907137 ,6/19/18,Jesús,Vendida,549
1612,12/20/16,Local,Alquiler,Monterrey,49,425565 ,5/6/18,Joaquín,Vendida,502
1617,12/21/16,Oficina,Alquiler,Tijuana,190,940500 ,12/11/18,Joaquín,Vendida,720
1618,12/21/16,Estacionamiento,Alquiler,Monterrey,139,875978 ,5/4/18,Jesús,Vendida,499
1635,12/26/16,Oficina,Alquiler,Tijuana,56,296856 ,6/6/18,María,Vendida,527
1636,12/26/16,Industrial,Alquiler,Ciudad de México,142,629628 ,4/20/18,Luisa,Vendida,480
1638,12/27/16,Oficina,Alquiler,Tijuana,54,402462 ,10/6/18,Pedro,Vendida,648
1640,12/27/16,Estacionamiento,Alquiler,Cancún,137,927627 ,12/5/18,Pedro,Vendida,708
1644,12/30/16,Casa,Alquiler,Ciudad de México,137,740211 ,12/12/18,Pedro,Vendida,712
1651,1/1/17,Departamento,Alquiler,Ciudad de México,80,322960 ,12/28/18,Pedro,Vendida,726
1652,1/1/17,Oficina,Alquiler,Ciudad de México,150,873000 ,12/17/18,Jesús,Vendida,715
1665,1/5/17,Casa,Alquiler,Monterrey,163,761047 ,10/16/18,Luisa,Vendida,649
1675,1/8/17,Terreno,Alquiler,Ciudad de México,107,567742 ,9/19/18,Jesús,Vendida,619
1683,1/11/17,Industrial,Alquiler,Monterrey,68,386036 ,10/14/18,Jesús,Vendida,641
1688,1/12/17,Industrial,Alquiler,Tijuana,54,419256 ,11/30/18,María,Vendida,687
1690,1/13/17,Oficina,Alquiler,Tijuana,98,738430 ,12/28/18,Luisa,Vendida,714
1693,1/13/17,Local,Alquiler,Ciudad de México,54,466722 ,5/21/18,Jesús,Vendida,493
1698,1/14/17,Oficina,Alquiler,Ciudad de México,129,562827 ,11/16/18,Joaquín,Vendida,671
1709,1/17/17,Oficina,Alquiler,Tijuana,123,609342 ,5/10/18,Carmen,Vendida,478
1713,1/19/17,Departamento,Alquiler,Cancún,114,938562 ,6/16/18,María,Vendida,513
1720,1/21/17,Terreno,Alquiler,Cancún,41,255061 ,12/15/18,Pedro,Vendida,693
1727,1/23/17,Local,Alquiler,Ciudad de México,137,831316 ,11/11/18,Jesús,Vendida,657
1745,1/27/17,Oficina,Alquiler,Ciudad de México,136,656744 ,5/15/18,Luisa,Vendida,473
1748,1/29/18,Terreno,Alquiler,Ciudad de México,95,748790 ,1/8/19,Luisa,Vendida,344
1750,1/29/17,Terreno,Alquiler,Monterrey,98,509600 ,11/10/18,Pedro,Vendida,650
1751,1/30/17,Oficina,Alquiler,Monterrey,75,378900 ,12/16/18,Carmen,Vendida,685
1752,1/30/17,Industrial,Alquiler,Cancún,169,810186 ,12/5/18,Joaquín,Vendida,674
1753,1/30/17,Oficina,Alquiler,Monterrey,123,757434 ,8/23/18,Pedro,Vendida,570
1772,2/6/17,Industrial,Alquiler,Ciudad de México,65,272545 ,6/23/18,Carmen,Vendida,502
1773,2/6/18,Terreno,Alquiler,Cancún,88,808192 ,1/17/19,Carmen,Vendida,345
1774,2/6/18,Estacionamiento,Alquiler,Cancún,124,536672 ,1/30/19,María,Vendida,358
1780,2/8/17,Oficina,Alquiler,Tijuana,142,693244 ,9/19/18,Jesús,Vendida,588
1791,2/12/17,Departamento,Alquiler,Cancún,118,734786 ,7/19/18,Joaquín,Vendida,522
1793,2/12/17,Departamento,Alquiler,Tijuana,184,864248 ,7/18/18,María,Vendida,521
1799,2/15/17,Departamento,Alquiler,Cancún,84,481992 ,7/28/18,Jesús,Vendida,528
1801,2/15/17,Estacionamiento,Alquiler,Cancún,132,973764 ,5/19/18,Joaquín,Vendida,458
1802,2/16/18,Industrial,Alquiler,Tijuana,114,636918 ,1/10/19,Luisa,Vendida,328
1806,2/16/17,Casa,Alquiler,Ciudad de México,117,561132 ,10/8/18,Luisa,Vendida,599
1808,2/17/17,Terreno,Alquiler,Tijuana,78,366132 ,11/20/18,Jesús,Vendida,641
1811,2/17/17,Departamento,Alquiler,Cancún,101,673670 ,7/5/18,Pedro,Vendida,503
1815,2/18/17,Terreno,Alquiler,Cancún,107,839522 ,8/11/18,Luisa,Vendida,539
1816,2/18/17,Local,Alquiler,Monterrey,88,770968 ,10/27/18,Luisa,Vendida,616
1818,2/20/17,Industrial,Alquiler,Cancún,71,342078 ,12/28/18,Pedro,Vendida,676
1822,2/20/17,Casa,Alquiler,Cancún,88,544896 ,12/8/18,Carmen,Vendida,656
1827,2/22/17,Oficina,Alquiler,Tijuana,64,319616 ,7/6/18,Carmen,Vendida,499
1834,2/24/17,Casa,Alquiler,Cancún,78,443976 ,7/17/18,Jesús,Vendida,508
1835,2/27/17,Industrial,Alquiler,Cancún,81,788697 ,8/18/18,Luisa,Vendida,537
1844,3/2/18,Terreno,Alquiler,Monterrey,97,493924 ,1/21/19,Luisa,Vendida,325
1846,3/2/17,Terreno,Alquiler,Ciudad de México,141,659316 ,10/14/18,Luisa,Vendida,591
1847,3/3/18,Casa,Alquiler,Monterrey,125,657500 ,3/2/19,Carmen,Vendida,364
1850,3/3/18,Oficina,Alquiler,Ciudad de México,74,697746 ,1/11/19,Carmen,Vendida,314
1851,3/4/17,Terreno,Alquiler,Ciudad de México,48,348720 ,11/26/18,Luisa,Vendida,632
1854,3/4/17,Departamento,Alquiler,Monterrey,99,927927 ,9/4/18,María,Vendida,549
1857,3/5/17,Oficina,Alquiler,Monterrey,177,980934 ,9/11/18,Luisa,Vendida,555
1874,3/11/17,Departamento,Alquiler,Tijuana,45,446940 ,7/17/18,Pedro,Vendida,493
1881,3/14/17,Industrial,Alquiler,Tijuana,63,343602 ,10/16/18,Carmen,Vendida,581
1885,3/16/18,Oficina,Alquiler,Cancún,87,603780 ,3/7/19,Joaquín,Vendida,356
1887,3/17/17,Industrial,Alquiler,Tijuana,121,764115 ,11/19/18,Joaquín,Vendida,612
1889,3/18/17,Estacionamiento,Alquiler,Tijuana,60,358620 ,11/26/18,María,Vendida,618
1891,3/19/18,Oficina,Alquiler,Tijuana,83,743265 ,1/3/19,Joaquín,Vendida,290
1892,3/20/17,Industrial,Alquiler,Ciudad de México,93,435333 ,10/19/18,Jesús,Vendida,578
1896,3/21/18,Local,Alquiler,Cancún,149,948832 ,1/14/19,Joaquín,Vendida,299
1899,3/21/18,Estacionamiento,Alquiler,Monterrey,97,885998 ,1/31/19,Carmen,Vendida,316
1903,3/24/17,Local,Alquiler,Cancún,191,926350 ,9/22/18,Carmen,Vendida,547
1905,3/26/18,Estacionamiento,Alquiler,Ciudad de México,114,978120 ,1/19/19,María,Vendida,299
1914,3/29/17,Oficina,Alquiler,Monterrey,42,238014 ,9/4/18,Pedro,Vendida,524
1915,3/29/17,Local,Alquiler,Monterrey,70,433370 ,9/20/18,María,Vendida,540
1927,4/1/17,Casa,Alquiler,Cancún,118,746940 ,11/25/18,Jesús,Vendida,603
1928,4/1/17,Casa,Alquiler,Ciudad de México,164,771292 ,9/22/18,Joaquín,Vendida,539
1930,4/2/17,Industrial,Alquiler,Monterrey,41,403727 ,12/26/18,Jesús,Vendida,633
1933,4/3/17,Terreno,Alquiler,Cancún,123,978588 ,8/9/18,Jesús,Vendida,493
1934,4/3/17,Industrial,Alquiler,Monterrey,79,595660 ,9/3/18,Pedro,Vendida,518
1942,4/6/17,Terreno,Alquiler,Monterrey,80,770800 ,11/2/18,Pedro,Vendida,575
1944,4/7/18,Terreno,Alquiler,Monterrey,82,418610 ,3/3/19,Joaquín,Vendida,330
1946,4/7/17,Local,Alquiler,Ciudad de México,84,412272 ,11/8/18,Luisa,Vendida,580
1951,4/9/18,Oficina,Alquiler,Cancún,113,704894 ,1/27/19,Carmen,Vendida,293
1952,4/9/17,Casa,Alquiler,Cancún,58,407044 ,8/29/18,Jesús,Vendida,507
1953,4/9/18,Casa,Alquiler,Tijuana,45,402885 ,3/28/19,Joaquín,Vendida,353
1956,4/10/17,Estacionamiento,Alquiler,Tijuana,89,711199 ,8/21/18,Carmen,Vendida,498
1969,4/15/18,Industrial,Alquiler,Monterrey,154,960960 ,3/23/19,Jesús,Vendida,342
1974,4/18/18,Departamento,Alquiler,Ciudad de México,166,971100 ,3/2/19,Luisa,Vendida,318
1976,4/20/18,Oficina,Alquiler,Tijuana,89,673552 ,1/21/19,Luisa,Vendida,276
1979,4/21/17,Terreno,Alquiler,Ciudad de México,121,652190 ,12/9/18,Luisa,Vendida,597
1982,4/22/17,Estacionamiento,Alquiler,Ciudad de México,94,559206 ,9/23/18,Joaquín,Vendida,519
1985,4/22/18,Terreno,Alquiler,Ciudad de México,48,224304 ,2/11/19,Luisa,Vendida,295
1988,4/23/17,Industrial,Alquiler,Monterrey,75,622200 ,11/26/18,María,Vendida,582
1995,4/28/18,Estacionamiento,Alquiler,Monterrey,70,533680 ,1/9/19,María,Vendida,256
2000,4/29/17,Departamento,Alquiler,Ciudad de México,69,464577 ,9/20/18,Joaquín,Vendida,509
2001,4/29/18,Departamento,Alquiler,Ciudad de México,132,580800 ,3/13/19,Joaquín,Vendida,318
2008,5/1/18,Estacionamiento,Alquiler,Monterrey,123,984369 ,3/23/19,Pedro,Vendida,326
2029,5/12/17,Estacionamiento,Alquiler,Cancún,92,506184 ,12/29/18,María,Vendida,596
2031,5/12/18,Terreno,Alquiler,Ciudad de México,104,831896 ,2/22/19,Pedro,Vendida,286
2033,5/13/17,Terreno,Alquiler,Ciudad de México,86,360942 ,11/17/18,Jesús,Vendida,553
2039,5/14/17,Departamento,Alquiler,Cancún,199,817094 ,10/12/18,María,Vendida,516
2044,5/16/17,Terreno,Alquiler,Cancún,123,499380 ,8/17/18,Joaquín,Vendida,458
2049,5/18/17,Industrial,Alquiler,Monterrey,167,853370 ,9/22/18,María,Vendida,492
2052,5/19/18,Industrial,Alquiler,Cancún,49,248283 ,4/14/19,María,Vendida,330
2066,5/24/18,Estacionamiento,Alquiler,Ciudad de México,125,822625 ,1/31/19,Joaquín,Vendida,252
2070,5/26/17,Departamento,Alquiler,Tijuana,43,379905 ,12/26/18,Jesús,Vendida,579
2073,5/27/18,Local,Alquiler,Ciudad de México,80,786320 ,1/5/19,Jesús,Vendida,223
2075,5/28/17,Oficina,Alquiler,Cancún,106,795318 ,9/11/18,Joaquín,Vendida,471
2079,5/29/18,Local,Alquiler,Cancún,40,328720 ,3/20/19,Luisa,Vendida,295
2085,5/31/17,Casa,Alquiler,Ciudad de México,86,419250 ,11/26/18,María,Vendida,544
2089,6/1/18,Casa,Alquiler,Cancún,167,685368 ,1/13/19,Carmen,Vendida,226
2097,6/3/17,Oficina,Alquiler,Cancún,91,696696 ,9/1/18,,En Proceso,455
2111,6/6/17,Estacionamiento,Alquiler,Cancún,81,405324 ,9/4/18,,En Proceso,455
2118,6/8/18,Terreno,Alquiler,Monterrey,71,378359 ,1/11/19,Pedro,Vendida,217
2128,6/11/18,Local,Alquiler,Cancún,133,936187 ,2/10/19,Pedro,Vendida,244
2142,6/16/17,Estacionamiento,Alquiler,Ciudad de México,83,797215 ,10/11/18,Pedro,Vendida,482
2147,6/18/18,Terreno,Alquiler,Cancún,45,181170 ,2/5/19,Jesús,Vendida,232
2150,6/20/18,Oficina,Alquiler,Ciudad de México,63,413910 ,4/29/19,María,Vendida,313
2153,6/21/18,Local,Alquiler,Monterrey,97,620218 ,2/2/19,Jesús,Vendida,226
2159,6/24/18,Terreno,Alquiler,Tijuana,177,718266 ,3/20/19,Joaquín,Vendida,269
2161,6/24/17,Estacionamiento,Alquiler,Tijuana,113,797215 ,12/3/18,María,Vendida,527
2164,6/25/17,Estacionamiento,Alquiler,Ciudad de México,155,912330 ,11/28/18,Pedro,Vendida,521
2168,6/28/18,Departamento,Alquiler,Monterrey,71,320281 ,3/7/19,Jesús,Vendida,252
2170,6/30/18,Departamento,Alquiler,Monterrey,68,396780 ,2/10/19,Carmen,Vendida,225
2171,6/30/17,Terreno,Alquiler,Monterrey,126,536634 ,9/28/18,,En Proceso,455
2175,7/1/18,Industrial,Alquiler,Tijuana,160,774400 ,2/7/19,Joaquín,Vendida,221
2177,7/1/18,Estacionamiento,Alquiler,Monterrey,89,594698 ,3/25/19,Jesús,Vendida,267
2183,7/3/17,Industrial,Alquiler,Ciudad de México,103,517472 ,10/1/18,,En Proceso,455
2184,7/4/18,Industrial,Alquiler,Monterrey,74,304288 ,5/7/19,Luisa,Vendida,307
2190,7/6/18,Local,Alquiler,Monterrey,76,546440 ,4/10/19,Luisa,Vendida,278
2192,7/7/18,Departamento,Alquiler,Monterrey,58,350610 ,3/9/19,María,Vendida,245
2196,7/8/18,Local,Alquiler,Tijuana,155,845370 ,4/13/19,Joaquín,Vendida,279
2199,7/10/18,Casa,Alquiler,Ciudad de México,83,503478 ,4/4/19,Joaquín,Vendida,268
2200,7/10/18,Local,Alquiler,Monterrey,50,390400 ,1/15/19,Carmen,Vendida,189
2209,7/14/18,Departamento,Alquiler,Cancún,139,879870 ,2/21/19,Pedro,Vendida,222
2211,7/16/18,Industrial,Alquiler,Ciudad de México,83,375243 ,1/14/19,Pedro,Vendida,182
2214,7/17/17,Terreno,Alquiler,Tijuana,155,950615 ,11/15/18,María,Vendida,486
2220,7/18/17,Industrial,Alquiler,Tijuana,132,949344 ,10/16/18,,En Proceso,455
2224,7/19/17,Estacionamiento,Alquiler,Monterrey,147,891849 ,10/17/18,,En Proceso,455
2229,7/21/18,Oficina,Alquiler,Tijuana,91,659022 ,2/26/19,Pedro,Vendida,220
2239,7/25/18,Estacionamiento,Alquiler,Ciudad de México,159,931104 ,3/20/19,María,Vendida,238
2240,7/26/17,Estacionamiento,Alquiler,Monterrey,123,714999 ,10/24/18,,En Proceso,455
2248,7/29/18,Terreno,Alquiler,Tijuana,117,610740 ,4/6/19,María,Vendida,251
2250,7/30/17,Local,Alquiler,Tijuana,93,867783 ,12/30/18,María,Vendida,518
2251,7/31/18,Terreno,Alquiler,Ciudad de México,102,688092 ,1/21/19,Joaquín,Vendida,174
2255,7/31/18,Departamento,Alquiler,Cancún,52,395096 ,3/21/19,María,Vendida,233
2261,8/3/18,Estacionamiento,Alquiler,Cancún,53,395751 ,4/18/19,Joaquín,Vendida,258
2269,8/8/17,Oficina,Alquiler,Monterrey,97,696169 ,11/6/18,,En Proceso,455
2287,8/13/17,Oficina,Alquiler,Tijuana,86,733236 ,12/15/18,Jesús,Vendida,489
2291,8/15/17,Casa,Alquiler,Cancún,61,563762 ,11/13/18,,En Proceso,455
2296,8/21/18,Industrial,Alquiler,Monterrey,71,336043 ,3/5/19,Luisa,Vendida,196
2298,8/21/17,Estacionamiento,Alquiler,Ciudad de México,118,853494 ,11/19/18,,En Proceso,455
2304,8/22/18,Estacionamiento,Alquiler,Tijuana,40,380280 ,3/29/19,Jesús,Vendida,219
2310,8/25/18,Departamento,Alquiler,Monterrey,58,326598 ,3/23/19,María,Vendida,210
2312,8/26/18,Estacionamiento,Alquiler,Tijuana,61,531493 ,1/3/19,Jesús,Vendida,130
2314,8/26/18,Estacionamiento,Alquiler,Tijuana,59,307744 ,4/28/19,María,Vendida,245
2315,8/27/17,Terreno,Alquiler,Tijuana,67,506252 ,11/25/18,,En Proceso,455
2316,8/27/18,Departamento,Alquiler,Monterrey,76,498560 ,1/28/19,Pedro,Vendida,154
2322,8/29/17,Estacionamiento,Alquiler,Monterrey,44,380072 ,12/14/18,Joaquín,Vendida,472
2323,8/29/17,Casa,Alquiler,Cancún,73,354853 ,11/27/18,,En Proceso,455
2329,9/1/18,Local,Alquiler,Tijuana,43,403770 ,2/28/19,Jesús,Vendida,180
2336,9/4/18,Casa,Alquiler,Cancún,67,613251 ,3/8/19,Joaquín,Vendida,185
2343,9/7/17,Terreno,Alquiler,Cancún,71,348823 ,12/6/18,,En Proceso,455
2345,9/7/18,Industrial,Alquiler,Monterrey,53,478431 ,1/28/19,Carmen,Vendida,143
2348,9/8/18,Terreno,Alquiler,Cancún,94,407114 ,4/24/19,Pedro,Vendida,228
2350,9/8/17,Departamento,Alquiler,Ciudad de México,122,770552 ,12/7/18,,En Proceso,455
2354,9/10/18,Oficina,Alquiler,Ciudad de México,142,680606 ,2/19/19,Pedro,Vendida,162
2359,9/12/18,Industrial,Alquiler,Ciudad de México,109,591325 ,1/7/19,Joaquín,Vendida,117
2364,9/14/18,Departamento,Alquiler,Cancún,117,482274 ,5/2/19,María,Vendida,230
2368,9/16/17,Oficina,Alquiler,Tijuana,72,604440 ,12/15/18,,En Proceso,455
2369,9/16/18,Estacionamiento,Alquiler,Ciudad de México,109,535408 ,1/6/19,Joaquín,Vendida,112
2370,9/17/17,Oficina,Alquiler,Cancún,126,779058 ,12/16/18,,En Proceso,455
2388,9/25/18,Oficina,Alquiler,Cancún,189,958608 ,2/23/19,Jesús,Vendida,151
2390,9/25/18,Terreno,Alquiler,Ciudad de México,41,185976 ,1/19/19,Luisa,Vendida,116
2391,9/25/18,Departamento,Alquiler,Tijuana,110,641080 ,1/31/19,Carmen,Vendida,128
2392,9/26/18,Terreno,Alquiler,Cancún,77,375067 ,1/10/19,Carmen,Vendida,106
2395,9/28/18,Casa,Alquiler,Ciudad de México,133,976885 ,1/14/19,Pedro,Vendida,108
2403,10/2/18,Local,Alquiler,Monterrey,72,372672 ,5/4/19,María,Vendida,214
2419,10/8/18,Departamento,Alquiler,Tijuana,59,552476 ,1/6/19,,En Proceso,90
2420,10/8/18,Terreno,Alquiler,Monterrey,136,777240 ,4/4/19,Carmen,Vendida,178
2435,10/13/18,Terreno,Alquiler,Ciudad de México,117,762606 ,1/11/19,,En Proceso,90
2441,10/15/18,Industrial,Alquiler,Ciudad de México,83,695789 ,2/18/19,Carmen,Vendida,126
2445,10/17/18,Casa,Alquiler,Tijuana,128,544896 ,1/15/19,,En Proceso,90
2447,10/18/18,Industrial,Alquiler,Tijuana,92,538568 ,1/16/19,,En Proceso,90
2453,10/21/18,Local,Alquiler,Cancún,123,961368 ,1/19/19,,En Proceso,90
2464,10/25/18,Estacionamiento,Alquiler,Ciudad de México,137,931463 ,1/23/19,,En Proceso,90
2467,10/26/18,Departamento,Alquiler,Ciudad de México,111,529137 ,1/24/19,,En Proceso,90
2469,10/26/18,Industrial,Alquiler,Monterrey,41,379291 ,4/26/19,María,Vendida,182
2475,10/29/18,Terreno,Alquiler,Monterrey,73,660577 ,3/25/19,Carmen,Vendida,147
2477,10/29/18,Departamento,Alquiler,Cancún,156,887328 ,1/27/19,,En Proceso,90
2478,10/30/18,Estacionamiento,Alquiler,Ciudad de México,63,416997 ,3/13/19,Joaquín,Vendida,134
2479,10/30/18,Casa,Alquiler,Cancún,99,455499 ,1/28/19,,En Proceso,90
2483,11/1/18,Local,Alquiler,Cancún,121,567611 ,3/18/19,Jesús,Vendida,137
2486,11/2/18,Oficina,Alquiler,Ciudad de México,47,400816 ,3/28/19,Carmen,Vendida,146
2489,11/3/18,Estacionamiento,Alquiler,Ciudad de México,123,963459 ,2/1/19,,En Proceso,90
2490,11/3/18,Estacionamiento,Alquiler,Ciudad de México,141,763938 ,5/6/19,Jesús,Vendida,184
2491,11/3/18,Estacionamiento,Alquiler,Ciudad de México,43,294722 ,5/5/19,Jesús,Vendida,183
2492,11/3/18,Terreno,Alquiler,Tijuana,76,354084 ,2/1/19,,En Proceso,90
2500,11/5/18,Industrial,Alquiler,Tijuana,75,480600 ,2/3/19,,En Proceso,90
2508,11/8/18,Local,Alquiler,Tijuana,174,799356 ,2/6/19,,En Proceso,90
2517,11/10/18,Terreno,Alquiler,Monterrey,201,850029 ,4/22/19,María,Vendida,163
2518,11/10/18,Local,Alquiler,Monterrey,61,265289 ,2/17/19,Carmen,Vendida,99
2522,11/12/18,Terreno,Alquiler,Ciudad de México,132,936672 ,2/10/19,,En Proceso,90
2525,11/13/18,Oficina,Alquiler,Ciudad de México,173,934200 ,2/11/19,,En Proceso,90
2527,11/14/18,Oficina,Alquiler,Ciudad de México,234,979056 ,4/26/19,Jesús,Vendida,163
2537,11/20/18,Industrial,Alquiler,Ciudad de México,169,720278 ,2/18/19,,En Proceso,90
2538,11/21/18,Departamento,Alquiler,Cancún,113,879366 ,2/19/19,,En Proceso,90
2539,11/22/18,Local,Alquiler,Ciudad de México,128,669056 ,3/15/19,Joaquín,Vendida,113
2545,11/24/18,Industrial,Alquiler,Cancún,67,282405 ,2/22/19,,En Proceso,90
2551,11/27/18,Oficina,Alquiler,Monterrey,99,831204 ,2/25/19,,En Proceso,90
2552,11/27/18,Casa,Alquiler,Monterrey,77,360822 ,2/25/19,,En Proceso,90
2554,11/28/18,Casa,Alquiler,Cancún,95,519365 ,2/26/19,,En Proceso,90
2555,11/28/18,Local,Alquiler,Cancún,175,890925 ,2/26/19,,En Proceso,90
2573,12/3/18,Casa,Alquiler,Ciudad de México,145,684110 ,3/3/19,,En Proceso,90
2576,12/5/18,Casa,Alquiler,Monterrey,151,693543 ,3/5/19,,En Proceso,90
2580,12/7/18,Industrial,Alquiler,Ciudad de México,96,450336 ,3/7/19,,En Proceso,90
2586,12/8/18,Departamento,Alquiler,Ciudad de México,112,774144 ,3/8/19,,En Proceso,90
2587,12/8/18,Industrial,Alquiler,Monterrey,59,432411 ,3/8/19,,En Proceso,90
2590,12/9/18,Casa,Alquiler,Ciudad de México,119,888335 ,3/9/19,,En Proceso,90
2597,12/12/18,Estacionamiento,Alquiler,Tijuana,147,679140 ,3/12/19,,En Proceso,90
2607,12/16/18,Industrial,Alquiler,Cancún,48,249072 ,3/16/19,,En Proceso,90
2613,12/17/18,Oficina,Alquiler,Tijuana,72,339192 ,3/17/19,,En Proceso,90
2614,12/18/18,Industrial,Alquiler,Monterrey,85,670310 ,3/18/19,,En Proceso,90
2624,12/22/18,Casa,Alquiler,Tijuana,100,835600 ,3/22/19,,En Proceso,90
2629,12/24/18,Departamento,Alquiler,Monterrey,129,789738 ,3/24/19,,En Proceso,90
2634,12/25/18,Industrial,Alquiler,Monterrey,80,709760 ,5/2/19,Jesús,Vendida,128
2636,12/26/18,Casa,Alquiler,Monterrey,80,651360 ,3/26/19,,En Proceso,90
2637,12/26/18,Terreno,Alquiler,Monterrey,219,913449 ,3/26/19,,En Proceso,90
2646,12/30/18,Industrial,Alquiler,Ciudad de México,62,333312 ,3/30/19,,En Proceso,90
2647,12/30/18,Industrial,Alquiler,Cancún,149,667520 ,3/30/19,,En Proceso,90
2650,12/31/18,Departamento,Alquiler,Cancún,64,478272 ,3/31/19,,En Proceso,90
